IV_Name,IV_Value,Trial,Prob_Cop_After_Cop,Prob_Cop_After_Def
miscommunicationRate,0.0,0,0.22319450000000002,0.11696084999999998
miscommunicationRate,0.0,1,0.11298214999999998,0.07199395
miscommunicationRate,0.0,2,0.10923639999999998,0.047406500000000004
